sphere,cx,cy,cz
0,0.172935,-0.021538,0.607115
0,0.178750,-0.002157,0.606862
0,0.192995,0.013147,0.607071
0,0.213011,0.018511,0.607009
0,0.233035,0.013147,0.607071
0,0.247742,-0.001518,0.607099
0,0.253120,-0.021544,0.607113
0,0.247758,-0.041574,0.607132
0,0.233079,-0.056568,0.607168
0,0.213024,-0.062187,0.607090
0,0.192976,-0.056557,0.607172
0,0.178296,-0.041571,0.607135
1,0.233079,0.013535,0.567055
1,0.247931,-0.001172,0.567067
1,0.253442,-0.021330,0.567085
1,0.248124,-0.041540,0.567108
1,0.233399,-0.056377,0.567124
1,0.213213,-0.061872,0.567132
1,0.192975,-0.056552,0.567125
1,0.178112,-0.041844,0.567109
1,0.172609,-0.021688,0.567089
1,0.177940,-0.001479,0.567068
1,0.192666,0.013357,0.567058
1,0.212841,0.018852,0.567054
2,0.213006,-0.067343,0.526804
2,0.190531,-0.061310,0.526722
2,0.174059,-0.044695,0.526708
2,0.167902,-0.021469,0.527049
2,0.173962,0.001114,0.526910
2,0.190493,0.017541,0.526871
2,0.235533,0.017540,0.526868
2,0.252078,0.001110,0.526912
2,0.258278,-0.021513,0.526994
2,0.252059,-0.044712,0.526685
2,0.235478,-0.061309,0.526722